Workbook
Name Slicer_Region: #N/A
Name Slicer_Store_Type: #N/A

Sheet Data 
A1: Store_ID | B1: Store_Name | C1: Region | D1: City | E1: Store_Type
A2: STORE0 | B2: Rivera-Warner | C2: East | D2: Washingtonfurt | E2: Flagship
A3: STORE1 | B3: Martinez, Adkins and Johnson | C3: North | D3: Danielmouth | E3: Flagship
A4: STORE2 | B4: Black-Horn | C4: South | D4: North Nancyview | E4: Outlet
A5: STORE3 | B5: Johnson-Wright | C5: North | D5: Hoodberg | E5: Outlet
A6: STORE4 | B6: Alexander Group | C6: South | D6: Port Sharon | E6: Online
A7: STORE5 | B7: Gray Ltd | C7: North | D7: New Michaelchester | E7: Outlet
A8: STORE6 | B8: Benson-Elliott | C8: East | D8: Port Josephberg | E8: Online
A9: STORE7 | B9: Martinez-Mullins | C9: South | D9: Williamsfurt | E9: Online
A10: STORE8 | B10: Bean, Jones and Park | C10: West | D10: Thompsonborough | E10: Online
A11: STORE9 | B11: Moore, Padilla and Butler | C11: South | D11: East Johnstad | E11: Flagship
A12: STORE10 | B12: Hill, Wagner and Ballard | C12: East | D12: East Davidville | E12: Online
... A21: STORE19 | B21: Mann-Austin | C21: East | D21: Vasquezborough | E21: Online

Sheet Data cleaning
A1: 2 | B1: find/remove duplicates - No duplicate | F1: validate data | G1: handle missing/inconsistent data
A3: Store_ID | B3: Store_Name | C3: Region | D3: City | E3: Store_Type | G3: {=TRIM(Table13[#All])} -> Store_ID | H3: Store_Name | I3: Region | J3: City | K3: Store_Type | O3: {=UPPER(Table13[#All])} -> STORE_ID | P3: STORE_NAME | Q3: REGION | R3: CITY | S3: STORE_TYPE | W3: {=PROPER(Table13[#All])} -> Store_Id | X3: Store_Name | Y3: Region | Z3: City | AA3: Store_Type
A4: STORE0 | B4: Rivera-Warner | C4: East | D4: Washingtonfurt | E4: Flagship | G4: STORE0 | H4: Rivera-Warner | I4: East | J4: Washingtonfurt | K4: Flagship | O4: STORE0 | P4: RIVERA-WARNER | Q4: EAST | R4: WASHINGTONFURT | S4: FLAGSHIP | W4: Store0 | X4: Rivera-Warner | Y4: East | Z4: Washingtonfurt | AA4: Flagship
A5: STORE1 | B5: Martinez, Adkins and Johnson | C5: North | D5: Danielmouth | E5: Flagship | G5: STORE1 | H5: Martinez, Adkins and Johnson | I5: North | J5: Danielmouth | K5: Flagship | O5: STORE1 | P5: MARTINEZ, ADKINS AND JOHNSON | Q5: NORTH | R5: DANIELMOUTH | S5: FLAGSHIP | W5: Store1 | X5: Martinez, Adkins And Johnson | Y5: North | Z5: Danielmouth | AA5: Flagship
A6: STORE2 | B6: Black-Horn | C6: South | D6: North Nancyview | E6: Outlet | G6: STORE2 | H6: Black-Horn | I6: South | J6: North Nancyview | K6: Outlet | O6: STORE2 | P6: BLACK-HORN | Q6: SOUTH | R6: NORTH NANCYVIEW | S6: OUTLET | W6: Store2 | X6: Black-Horn | Y6: South | Z6: North Nancyview | AA6: Outlet
A7: STORE3 | B7: Johnson-Wright | C7: North | D7: Hoodberg | E7: Outlet | G7: STORE3 | H7: Johnson-Wright | I7: North | J7: Hoodberg | K7: Outlet | O7: STORE3 | P7: JOHNSON-WRIGHT | Q7: NORTH | R7: HOODBERG | S7: OUTLET | W7: Store3 | X7: Johnson-Wright | Y7: North | Z7: Hoodberg | AA7: Outlet
A8: STORE4 | B8: Alexander Group | C8: South | D8: Port Sharon | E8: Online | G8: STORE4 | H8: Alexander Group | I8: South | J8: Port Sharon | K8: Online | O8: STORE4 | P8: ALEXANDER GROUP | Q8: SOUTH | R8: PORT SHARON | S8: ONLINE | W8: Store4 | X8: Alexander Group | Y8: South | Z8: Port Sharon | AA8: Online
A9: STORE5 | B9: Gray Ltd | C9: North | D9: New Michaelchester | E9: Outlet | G9: STORE5 | H9: Gray Ltd | I9: North | J9: New Michaelchester | K9: Outlet | O9: STORE5 | P9: GRAY LTD | Q9: NORTH | R9: NEW MICHAELCHESTER | S9: OUTLET | W9: Store5 | X9: Gray Ltd | Y9: North | Z9: New Michaelchester | AA9: Outlet
A10: STORE6 | B10: Benson-Elliott | C10: East | D10: Port Josephberg | E10: Online | G10: STORE6 | H10: Benson-Elliott | I10: East | J10: Port Josephberg | K10: Online | O10: STORE6 | P10: BENSON-ELLIOTT | Q10: EAST | R10: PORT JOSEPHBERG | S10: ONLINE | W10: Store6 | X10: Benson-Elliott | Y10: East | Z10: Port Josephberg | AA10: Online
A11: STORE7 | B11: Martinez-Mullins | C11: South | D11: Williamsfurt | E11: Online | G11: STORE7 | H11: Martinez-Mullins | I11: South | J11: Williamsfurt | K11: Online | O11: STORE7 | P11: MARTINEZ-MULLINS | Q11: SOUTH | R11: WILLIAMSFURT | S11: ONLINE | W11: Store7 | X11: Martinez-Mullins | Y11: South | Z11: Williamsfurt | AA11: Online
A12: STORE8 | B12: Bean, Jones and Park | C12: West | D12: Thompsonborough | E12: Online | G12: STORE8 | H12: Bean, Jones and Park | I12: West | J12: Thompsonborough | K12: Online | O12: STORE8 | P12: BEAN, JONES AND PARK | Q12: WEST | R12: THOMPSONBOROUGH | S12: ONLINE | W12: Store8 | X12: Bean, Jones And Park | Y12: West | Z12: Thompsonborough | AA12: Online
A13: STORE9 | B13: Moore, Padilla and Butler | C13: South | D13: East Johnstad | E13: Flagship | G13: STORE9 | H13: Moore, Padilla and Butler | I13: South | J13: East Johnstad | K13: Flagship | O13: STORE9 | P13: MOORE, PADILLA AND BUTLER | Q13: SOUTH | R13: EAST JOHNSTAD | S13: FLAGSHIP | W13: Store9 | X13: Moore, Padilla And Butler | Y13: South | Z13: East Johnstad | AA13: Flagship
A14: STORE10 | B14: Hill, Wagner and Ballard | C14: East | D14: East Davidville | E14: Online | G14: STORE10 | H14: Hill, Wagner and Ballard | I14: East | J14: East Davidville | K14: Online | O14: STORE10 | P14: HILL, WAGNER AND BALLARD | Q14: EAST | R14: EAST DAVIDVILLE | S14: ONLINE | W14: Store10 | X14: Hill, Wagner And Ballard | Y14: East | Z14: East Davidville | AA14: Online
A15: STORE11 | B15: Aguirre-Keller | C15: South | D15: Lake Michael | E15: Online | G15: STORE11 | H15: Aguirre-Keller | I15: South | J15: Lake Michael | K15: Online | O15: STORE11 | P15: AGUIRRE-KELLER | Q15: SOUTH | R15: LAKE MICHAEL | S15: ONLINE | W15: Store11 | X15: Aguirre-Keller | Y15: South | Z15: Lake Michael | AA15: Online
... A23: STORE19 | B23: Mann-Austin | C23: East | D23: Vasquezborough | E23: Online | G23: STORE19 | H23: Mann-Austin | I23: East | J23: Vasquezborough | K23: Online | O23: STORE19 | P23: MANN-AUSTIN | Q23: EAST | R23: VASQUEZBOROUGH | S23: ONLINE | W23: Store19 | X23: Mann-Austin | Y23: East | Z23: Vasquezborough | AA23: Online

Sheet f Excel formulas for calculatio
A1: Store_ID | B1: Store_Name | C1: Region | D1: City | E1: Store_Type
A2: STORE0 | B2: Rivera-Warner | C2: East | D2: Washingtonfurt | E2: Flagship
A3: STORE1 | B3: Martinez, Adkins and Johnson | C3: North | D3: Danielmouth | E3: Flagship | G3: CountA | H3: =COUNTA(Table136[Store_ID]) -> 20
A4: STORE2 | B4: Black-Horn | C4: South | D4: North Nancyview | E4: Outlet | G4: Flagship | H4: =COUNTIFS(Table136[Store_Type],"Flagship") -> 8
A5: STORE3 | B5: Johnson-Wright | C5: North | D5: Hoodberg | E5: Outlet
A6: STORE4 | B6: Alexander Group | C6: South | D6: Port Sharon | E6: Online
A7: STORE5 | B7: Gray Ltd | C7: North | D7: New Michaelchester | E7: Outlet
A8: STORE6 | B8: Benson-Elliott | C8: East | D8: Port Josephberg | E8: Online
A9: STORE7 | B9: Martinez-Mullins | C9: South | D9: Williamsfurt | E9: Online
A10: STORE8 | B10: Bean, Jones and Park | C10: West | D10: Thompsonborough | E10: Online
A11: STORE9 | B11: Moore, Padilla and Butler | C11: South | D11: East Johnstad | E11: Flagship
A12: STORE10 | B12: Hill, Wagner and Ballard | C12: East | D12: East Davidville | E12: Online
A13: STORE11 | B13: Aguirre-Keller | C13: South | D13: Lake Michael | E13: Online
A14: STORE12 | B14: Thomas, Bridges and Harris | C14: North | D14: Sabrinatown | E14: Online
A15: STORE13 | B15: Gardner, Humphrey and Contreras | C15: East | D15: Johnsonville | E15: Flagship
A16: STORE14 | B16: Mcdonald Inc | C16: South | D16: Christopherland | E16: Outlet
... A21: STORE19 | B21: Mann-Austin | C21: East | D21: Vasquezborough | E21: Online

Sheet  XLOOKUP VLOOKUP 
A1: Vlookup | G1: Xlookup
A2: Store_ID | B2: Store_Name | C2: Region | D2: City | E2: Store_Type | G2: Store_ID | H2: Store_Name | I2: Region | J2: City | K2: Store_Type
A3: STORE0 | B3: =VLOOKUP(A3,'f Excel formulas for calculatio'!A:E,2,FALSE) -> Rivera-Warner | C3: =VLOOKUP(B3,'f Excel formulas for calculatio'!B:F,2,FALSE) -> East | D3: =VLOOKUP(C3,'f Excel formulas for calculatio'!C:G,2,FALSE) -> Washingtonfurt | E3: =VLOOKUP(D3,'f Excel formulas for calculatio'!D:H,2,FALSE) -> Flagship | G3: STORE0 | H3: =_xlfn.XLOOKUP(G3,A3,B3) -> Rivera-Warner | I3: =_xlfn.XLOOKUP(H3,B3,C3) -> East | J3: =_xlfn.XLOOKUP(I3,C3,D3) -> Washingtonfurt | K3: =_xlfn.XLOOKUP(J3,D3,E3) -> Flagship
A4: STORE1 | B4: =VLOOKUP(A4,'f Excel formulas for calculatio'!A:E,2,FALSE) -> Martinez, Adkins and Johnson | C4: =VLOOKUP(B4,'f Excel formulas for calculatio'!B:F,2,FALSE) -> North | D4: =VLOOKUP(C4,'f Excel formulas for calculatio'!C:G,2,FALSE) -> Danielmouth | E4: =VLOOKUP(D4,'f Excel formulas for calculatio'!D:H,2,FALSE) -> Flagship | G4: STORE1 | H4: =_xlfn.XLOOKUP(G4,A4,B4) -> Martinez, Adkins and Johnson | I4: =_xlfn.XLOOKUP(H4,B4,C4) -> North | J4: =_xlfn.XLOOKUP(I4,C4,D4) -> Danielmouth | K4: =_xlfn.XLOOKUP(J4,D4,E4) -> Flagship
A5: STORE2 | B5: =VLOOKUP(A5,'f Excel formulas for calculatio'!A:E,2,FALSE) -> Black-Horn | C5: =VLOOKUP(B5,'f Excel formulas for calculatio'!B:F,2,FALSE) -> South | D5: =VLOOKUP(C5,'f Excel formulas for calculatio'!C:G,2,FALSE) -> North Nancyview | E5: =VLOOKUP(D5,'f Excel formulas for calculatio'!D:H,2,FALSE) -> Outlet | G5: STORE2 | H5: =_xlfn.XLOOKUP(G5,A5,B5) -> Black-Horn | I5: =_xlfn.XLOOKUP(H5,B5,C5) -> South | J5: =_xlfn.XLOOKUP(I5,C5,D5) -> North Nancyview | K5: =_xlfn.XLOOKUP(J5,D5,E5) -> Outlet
A6: STORE3 | B6: =VLOOKUP(A6,'f Excel formulas for calculatio'!A:E,2,FALSE) -> Johnson-Wright | C6: =VLOOKUP(B6,'f Excel formulas for calculatio'!B:F,2,FALSE) -> North | D6: =VLOOKUP(C6,'f Excel formulas for calculatio'!C:G,2,FALSE) -> Danielmouth | E6: =VLOOKUP(D6,'f Excel formulas for calculatio'!D:H,2,FALSE) -> Flagship | G6: STORE3 | H6: =_xlfn.XLOOKUP(G6,A6,B6) -> Johnson-Wright | I6: =_xlfn.XLOOKUP(H6,B6,C6) -> North | J6: =_xlfn.XLOOKUP(I6,C6,D6) -> Danielmouth | K6: =_xlfn.XLOOKUP(J6,D6,E6) -> Flagship
A7: STORE4 | B7: =VLOOKUP(A7,'f Excel formulas for calculatio'!A:E,2,FALSE) -> Alexander Group | C7: =VLOOKUP(B7,'f Excel formulas for calculatio'!B:F,2,FALSE) -> South | D7: =VLOOKUP(C7,'f Excel formulas for calculatio'!C:G,2,FALSE) -> North Nancyview | E7: =VLOOKUP(D7,'f Excel formulas for calculatio'!D:H,2,FALSE) -> Outlet | G7: STORE4 | H7: =_xlfn.XLOOKUP(G7,A7,B7) -> Alexander Group | I7: =_xlfn.XLOOKUP(H7,B7,C7) -> South | J7: =_xlfn.XLOOKUP(I7,C7,D7) -> North Nancyview | K7: =_xlfn.XLOOKUP(J7,D7,E7) -> Outlet
A8: STORE5 | B8: =VLOOKUP(A8,'f Excel formulas for calculatio'!A:E,2,FALSE) -> Gray Ltd | C8: =VLOOKUP(B8,'f Excel formulas for calculatio'!B:F,2,FALSE) -> North | D8: =VLOOKUP(C8,'f Excel formulas for calculatio'!C:G,2,FALSE) -> Danielmouth | E8: =VLOOKUP(D8,'f Excel formulas for calculatio'!D:H,2,FALSE) -> Flagship | G8: STORE5 | H8: =_xlfn.XLOOKUP(G8,A8,B8) -> Gray Ltd | I8: =_xlfn.XLOOKUP(H8,B8,C8) -> North | J8: =_xlfn.XLOOKUP(I8,C8,D8) -> Danielmouth | K8: =_xlfn.XLOOKUP(J8,D8,E8) -> Flagship
A9: STORE6 | B9: =VLOOKUP(A9,'f Excel formulas for calculatio'!A:E,2,FALSE) -> Benson-Elliott | C9: =VLOOKUP(B9,'f Excel formulas for calculatio'!B:F,2,FALSE) -> East | D9: =VLOOKUP(C9,'f Excel formulas for calculatio'!C:G,2,FALSE) -> Washingtonfurt | E9: =VLOOKUP(D9,'f Excel formulas for calculatio'!D:H,2,FALSE) -> Flagship | G9: STORE6 | H9: =_xlfn.XLOOKUP(G9,A9,B9) -> Benson-Elliott | I9: =_xlfn.XLOOKUP(H9,B9,C9) -> East | J9: =_xlfn.XLOOKUP(I9,C9,D9) -> Washingtonfurt | K9: =_xlfn.XLOOKUP(J9,D9,E9) -> Flagship
A10: STORE7 | B10: =VLOOKUP(A10,'f Excel formulas for calculatio'!A:E,2,FALSE) -> Martinez-Mullins | C10: =VLOOKUP(B10,'f Excel formulas for calculatio'!B:F,2,FALSE) -> South | D10: =VLOOKUP(C10,'f Excel formulas for calculatio'!C:G,2,FALSE) -> North Nancyview | E10: =VLOOKUP(D10,'f Excel formulas for calculatio'!D:H,2,FALSE) -> Outlet | G10: STORE7 | H10: =_xlfn.XLOOKUP(G10,A10,B10) -> Martinez-Mullins | I10: =_xlfn.XLOOKUP(H10,B10,C10) -> South | J10: =_xlfn.XLOOKUP(I10,C10,D10) -> North Nancyview | K10: =_xlfn.XLOOKUP(J10,D10,E10) -> Outlet
A11: STORE8 | B11: =VLOOKUP(A11,'f Excel formulas for calculatio'!A:E,2,FALSE) -> Bean, Jones and Park | C11: =VLOOKUP(B11,'f Excel formulas for calculatio'!B:F,2,FALSE) -> West | D11: =VLOOKUP(C11,'f Excel formulas for calculatio'!C:G,2,FALSE) -> Thompsonborough | E11: =VLOOKUP(D11,'f Excel formulas for calculatio'!D:H,2,FALSE) -> Online | G11: STORE8 | H11: =_xlfn.XLOOKUP(G11,A11,B11) -> Bean, Jones and Park | I11: =_xlfn.XLOOKUP(H11,B11,C11) -> West | J11: =_xlfn.XLOOKUP(I11,C11,D11) -> Thompsonborough | K11: =_xlfn.XLOOKUP(J11,D11,E11) -> Online
A12: STORE9 | B12: =VLOOKUP(A12,'f Excel formulas for calculatio'!A:E,2,FALSE) -> Moore, Padilla and Butler | C12: =VLOOKUP(B12,'f Excel formulas for calculatio'!B:F,2,FALSE) -> South | D12: =VLOOKUP(C12,'f Excel formulas for calculatio'!C:G,2,FALSE) -> North Nancyview | E12: =VLOOKUP(D12,'f Excel formulas for calculatio'!D:H,2,FALSE) -> Outlet | G12: STORE9 | H12: =_xlfn.XLOOKUP(G12,A12,B12) -> Moore, Padilla and Butler | I12: =_xlfn.XLOOKUP(H12,B12,C12) -> South | J12: =_xlfn.XLOOKUP(I12,C12,D12) -> North Nancyview | K12: =_xlfn.XLOOKUP(J12,D12,E12) -> Outlet
A13: STORE10 | B13: =VLOOKUP(A13,'f Excel formulas for calculatio'!A:E,2,FALSE) -> Hill, Wagner and Ballard | C13: =VLOOKUP(B13,'f Excel formulas for calculatio'!B:F,2,FALSE) -> East | D13: =VLOOKUP(C13,'f Excel formulas for calculatio'!C:G,2,FALSE) -> Washingtonfurt | E13: =VLOOKUP(D13,'f Excel formulas for calculatio'!D:H,2,FALSE) -> Flagship | G13: STORE10 | H13: =_xlfn.XLOOKUP(G13,A13,B13) -> Hill, Wagner and Ballard | I13: =_xlfn.XLOOKUP(H13,B13,C13) -> East | J13: =_xlfn.XLOOKUP(I13,C13,D13) -> Washingtonfurt | K13: =_xlfn.XLOOKUP(J13,D13,E13) -> Flagship
A14: STORE11 | B14: =VLOOKUP(A14,'f Excel formulas for calculatio'!A:E,2,FALSE) -> Aguirre-Keller | C14: =VLOOKUP(B14,'f Excel formulas for calculatio'!B:F,2,FALSE) -> South | D14: =VLOOKUP(C14,'f Excel formulas for calculatio'!C:G,2,FALSE) -> North Nancyview | E14: =VLOOKUP(D14,'f Excel formulas for calculatio'!D:H,2,FALSE) -> Outlet | G14: STORE11 | H14: =_xlfn.XLOOKUP(G14,A14,B14) -> Aguirre-Keller | I14: =_xlfn.XLOOKUP(H14,B14,C14) -> South | J14: =_xlfn.XLOOKUP(I14,C14,D14) -> North Nancyview | K14: =_xlfn.XLOOKUP(J14,D14,E14) -> Outlet
... A22: STORE19 | B22: =VLOOKUP(A22,'f Excel formulas for calculatio'!A:E,2,FALSE) -> Mann-Austin | C22: =VLOOKUP(B22,'f Excel formulas for calculatio'!B:F,2,FALSE) -> East | D22: =VLOOKUP(C22,'f Excel formulas for calculatio'!C:G,2,FALSE) -> Washingtonfurt | E22: =VLOOKUP(D22,'f Excel formulas for calculatio'!D:H,2,FALSE) -> Flagship | G22: STORE19 | H22: =_xlfn.XLOOKUP(G22,A22,B22) -> Mann-Austin | I22: =_xlfn.XLOOKUP(H22,B22,C22) -> East | J22: =_xlfn.XLOOKUP(I22,C22,D22) -> Washingtonfurt | K22: =_xlfn.XLOOKUP(J22,D22,E22) -> Flagship

Sheet pivot table
A3: Row Labels | B3: Count of Region
A4: Flagship | B4: 8
A5: Online | B5: 8
A6: Outlet | B6: 4
A7: Grand Total | B7: 20

Sheet Descriptive statistics
A1: Store_ID | B1: Store_Name | C1: Region | D1: City | E1: Store_Type
A2: STORE0 | B2: Rivera-Warner | C2: East | D2: Washingtonfurt | E2: Flagship
A3: STORE1 | B3: Martinez, Adkins and Johnson | C3: North | D3: Danielmouth | E3: Flagship
A4: STORE2 | B4: Black-Horn | C4: South | D4: North Nancyview | E4: Outlet
A5: STORE3 | B5: Johnson-Wright | C5: North | D5: Hoodberg | E5: Outlet
A6: STORE4 | B6: Alexander Group | C6: South | D6: Port Sharon | E6: Online
A7: STORE5 | B7: Gray Ltd | C7: North | D7: New Michaelchester | E7: Outlet
A8: STORE6 | B8: Benson-Elliott | C8: East | D8: Port Josephberg | E8: Online | I8: NO Values
A9: STORE7 | B9: Martinez-Mullins | C9: South | D9: Williamsfurt | E9: Online
A10: STORE8 | B10: Bean, Jones and Park | C10: West | D10: Thompsonborough | E10: Online
A11: STORE9 | B11: Moore, Padilla and Butler | C11: South | D11: East Johnstad | E11: Flagship
A12: STORE10 | B12: Hill, Wagner and Ballard | C12: East | D12: East Davidville | E12: Online
A13: STORE11 | B13: Aguirre-Keller | C13: South | D13: Lake Michael | E13: Online
A14: STORE12 | B14: Thomas, Bridges and Harris | C14: North | D14: Sabrinatown | E14: Online
A15: STORE13 | B15: Gardner, Humphrey and Contreras | C15: East | D15: Johnsonville | E15: Flagship
A16: STORE14 | B16: Mcdonald Inc | C16: South | D16: Christopherland | E16: Outlet
A17: STORE15 | B17: Shelton PLC | C17: North | D17: East Jenniferstad | E17: Flagship
A18: STORE16 | B18: Frederick-Wright | C18: West | D18: New Jimmymouth | E18: Flagship
A19: STORE17 | B19: Holloway Ltd | C19: North | D19: Bensonhaven | E19: Flagship
A20: STORE18 | B20: Guerrero-Schmitt | C20: East | D20: East Stevechester | E20: Flagship
A21: STORE19 | B21: Mann-Austin | C21: East | D21: Vasquezborough | E21: Online

Sheet Sheet2
A3: Region | B3: Count of Store_ID
A4: East | B4: 6
A5: North | B5: 6
A6: South | B6: 6
A7: West | B7: 2

Sheet ●Data visualization
A1: Store_ID | B1: Store_Name | C1: Region | D1: City | E1: Store_Type
A2: STORE0 | B2: Rivera-Warner | C2: East | D2: Washingtonfurt | E2: Flagship
A3: STORE1 | B3: Martinez, Adkins and Johnson | C3: North | D3: Danielmouth | E3: Flagship
A4: STORE2 | B4: Black-Horn | C4: South | D4: North Nancyview | E4: Outlet
A5: STORE3 | B5: Johnson-Wright | C5: North | D5: Hoodberg | E5: Outlet
A6: STORE4 | B6: Alexander Group | C6: South | D6: Port Sharon | E6: Online
A7: STORE5 | B7: Gray Ltd | C7: North | D7: New Michaelchester | E7: Outlet
A8: STORE6 | B8: Benson-Elliott | C8: East | D8: Port Josephberg | E8: Online
A9: STORE7 | B9: Martinez-Mullins | C9: South | D9: Williamsfurt | E9: Online
A10: STORE8 | B10: Bean, Jones and Park | C10: West | D10: Thompsonborough | E10: Online
A11: STORE9 | B11: Moore, Padilla and Butler | C11: South | D11: East Johnstad | E11: Flagship
A12: STORE10 | B12: Hill, Wagner and Ballard | C12: East | D12: East Davidville | E12: Online
... A21: STORE19 | B21: Mann-Austin | C21: East | D21: Vasquezborough | E21: Online
